OBD1 ID,OBD2 ID,OBD3 ID,Count
7,72,183,2054
18,112,187,2
10,35,193,519
11,27,191,4016
16,159,193,589
7,137,184,619
14,126,186,43
6,19,192,2250
4,96,186,2399
17,140,197,2330
12,56,187,114
3,158,186,5301
16,54,186,8
4,179,191,1276
10,33,192,16975
3,171,192,3638
14,72,182,4200
16,166,189,3
5,126,186,6069
3,164,193,6848
16,98,186,234
16,124,189,629
6,63,193,1761
6,104,188,2989
9,85,182,3308
3,180,187,255
1,65,192,673
5,35,191,1482
17,40,185,205
18,26,186,1063
16,166,198,2018
3,79,186,5303
14,130,196,714
11,27,192,24
17,155,188,590
11,162,198,291
17,121,182,2281
6,59,195,2069
16,102,181,2479
5,149,193,1795
10,152,192,226
5,107,191,1152
16,176,190,5202
3,164,186,286
17,31,185,399
7,119,184,199
6,55,183,2578
17,19,187,1525
16,173,198,311
2,152,186,2327
14,112,187,537
11,82,184,126
10,117,193,8
16,37,185,1230
11,117,193,2940
11,39,184,898
6,97,189,85
18,26,189,920
17,133,191,328
12,77,195,1940
10,158,188,1333
9,39,194,1063
12,62,197,1
11,179,184,1
4,116,187,1051
12,44,188,172
13,64,185,971
16,81,185,4
16,96,188,253
17,83,194,990
9,78,193,551
12,86,197,178
16,54,198,2135
11,40,194,4
11,40,187,275
17,58,185,127
8,102,191,140
9,147,191,793
9,147,182,4
18,143,189,2814
6,33,190,927
6,55,186,12
7,126,198,763
18,50,195,875
17,148,197,2940
15,43,188,416
11,40,196,2246
10,114,194,321
11,138,192,27
18,177,189,122
6,84,194,502
18,57,185,4278
5,102,190,1821
11,32,195,164
9,105,183,422
10,102,190,5
12,167,198,356
5,42,185,735
14,48,186,86
12,62,191,1172
16,176,185,13
14,58,185,61
11,138,184,1270
7,96,192,591
3,40,186,553
3,164,195,18
5,175,187,322
4,67,183,206
10,110,189,296
14,179,184,687
2,107,197,459
3,44,184,601
16,95,183,12
5,28,183,717
12,133,189,753
16,39,192,843
14,108,188,896
14,48,197,1
5,121,182,3
5,131,182,1693
18,101,185,599
10,58,189,842
12,46,193,756
18,59,194,203
4,69,188,290
16,174,184,1267
14,78,197,1924
16,176,193,779
5,35,190,3
6,178,197,1273
7,44,184,2371
12,153,198,1485
18,145,187,887
17,64,184,1648
14,97,183,813
5,177,185,471
7,52,194,355
6,33,187,1272
5,43,186,755
14,143,192,682
7,134,183,237
6,121,192,673
11,43,186,159
7,132,182,10
18,129,197,626
6,102,190,2
2,52,194,974
8,20,181,1286
16,37,181,5
12,49,192,292
8,93,198,141
16,83,188,23
16,54,183,156
6,44,194,104
16,29,189,510
16,111,197,465
12,133,197,385
8,130,192,3
4,178,189,913
11,141,181,81
3,176,190,4
3,158,198,88
3,158,185,220
6,37,186,59
16,58,185,1211
14,51,187,578
17,30,197,133
1,107,189,2355
12,46,181,1
4,88,186,661
1,74,192,1076
16,27,191,17
18,29,195,83
7,112,192,861
5,146,182,150
10,104,198,200
4,33,192,55
17,118,192,1838
6,68,198,1694
4,149,193,121
3,51,195,177
18,145,195,3
6,179,191,3
11,88,187,512
4,97,198,502
10,59,186,270
11,50,181,282
8,164,181,802
10,121,184,109
4,118,198,579
3,164,182,73
10,53,186,83
16,112,186,859
14,84,186,689
14,32,181,274
6,44,184,7
16,139,182,325
16,174,183,183
5,63,186,364
5,81,190,2
7,102,181,3
4,72,183,7
9,20,189,1
3,113,197,444
16,46,193,5
5,107,188,32
4,164,193,15
4,94,192,1482
10,54,198,10
12,153,195,3
11,100,197,1
1,120,193,211
3,152,190,201
3,66,186,401
11,151,193,207
9,40,190,124
15,54,183,2
14,51,191,3
18,81,190,146
16,52,182,569
4,120,186,439
18,57,195,7
7,148,191,291
2,139,182,573
5,120,182,200
5,68,184,82
3,126,198,9
18,37,186,366
15,54,188,622
15,69,190,110
10,104,188,52
17,111,187,499
15,99,195,26
10,81,185,1008
6,52,185,206
5,126,191,91
9,28,191,165
14,20,190,54
5,114,189,579
3,32,181,4
5,59,183,111
3,111,197,6
5,102,185,107
3,99,195,1337
11,27,198,13
18,26,184,46
14,121,186,87
10,57,185,15
15,121,184,629
5,58,189,231
16,171,192,16
3,166,191,196
16,46,186,278
10,126,184,5
3,31,184,48
12,62,190,1
9,20,190,447
14,178,189,3
6,63,182,2
12,68,185,683
16,127,197,620
10,27,186,174
16,158,188,6
3,114,189,2
9,85,198,17
6,76,187,145
16,62,194,138
3,164,197,14
17,78,193,4
18,24,185,313
1,102,190,189
14,33,192,30
4,171,192,14
5,114,194,1
15,79,186,4
17,126,186,11
16,69,193,84
14,166,184,216
9,85,190,350
17,88,186,2
5,176,190,15
5,116,187,7
5,143,186,3
7,72,186,143
10,58,195,257
11,90,197,329
14,179,188,4
16,176,197,9
16,150,193,71
6,68,186,5
12,121,181,169
4,118,186,5
5,62,189,189
16,27,198,349
2,79,185,799
5,72,183,3
10,60,184,233
10,54,191,301
3,99,197,54
11,109,194,195
18,57,189,4
2,164,184,249
14,20,186,27
7,79,186,10
17,113,187,341
17,162,198,2
2,68,198,3
1,44,195,364
6,138,192,2
16,63,189,641
6,166,182,205
9,85,186,21
3,65,195,226
4,40,193,1
15,32,192,112
9,85,183,10
12,46,198,163
11,132,194,119
10,34,193,520
10,134,184,144
17,111,186,5
14,108,183,107
16,54,190,52
12,123,192,783
4,147,181,84
6,127,197,304
6,84,186,99
10,85,184,260
12,179,188,221
10,58,186,100
16,151,193,92
3,116,187,6
3,148,197,86
3,126,185,280
11,90,192,3
18,143,192,87
6,169,198,160
3,69,195,553
13,131,182,96
3,50,195,67
6,38,184,214
6,19,181,83
6,138,191,217
12,139,192,109
8,130,198,322
6,127,192,2
16,54,194,2
9,137,183,516
6,19,198,24
6,59,182,12
10,33,185,49
16,100,198,501
11,32,188,1
14,78,188,4
16,30,192,220
16,96,186,7
6,59,198,13
12,178,192,157
14,58,184,8
2,98,183,193
7,100,198,2
10,54,183,3
14,144,183,335
14,97,192,6
11,173,186,59
7,72,184,3
18,147,192,31
16,100,191,101
12,153,192,36
2,113,181,18
18,69,195,4
4,69,197,1
4,174,186,176
1,65,198,4
6,19,183,6
6,104,186,16
7,77,195,8
17,167,188,186
12,144,181,78
1,155,196,13
13,70,183,126
10,101,185,4
6,33,192,55
1,107,184,6
12,133,193,2
11,122,189,134
14,72,183,4
18,57,192,30
2,121,184,61
5,22,197,1
14,93,198,46
14,57,185,17
5,35,198,4
16,119,198,272
18,37,198,21
18,33,192,14
9,85,192,13
10,58,185,15
3,79,189,14
12,172,192,84
5,63,192,3
9,169,198,1
16,112,195,6
5,33,192,46
14,97,197,4
7,114,194,2
10,52,191,143
6,164,193,259
6,57,185,13
8,96,188,1
5,69,181,315
6,55,185,4
5,63,190,2
4,161,195,230
12,114,198,157
14,69,188,1
8,93,184,244
5,102,181,16
4,81,185,5
3,158,192,48
14,161,187,224
18,145,185,3
12,121,182,2
1,145,197,117
16,32,198,120
2,89,195,45
14,130,185,2
3,79,185,11
2,179,191,67
7,33,192,21
11,125,188,75
16,23,198,195
10,153,198,153
9,78,188,4
2,52,195,4
9,63,193,2
12,133,192,8
11,143,192,1
7,75,187,109
17,31,197,1
12,67,192,189
17,34,191,8
10,33,186,117
10,33,190,16
6,19,191,174
1,164,193,6
16,177,194,51
16,23,197,1
17,164,193,12
18,37,185,5
5,126,185,53
13,121,181,1
1,178,197,11
10,155,186,22
4,67,194,274
3,152,186,168
12,40,185,67
16,176,186,30
17,64,195,6
16,173,183,4
10,134,192,172
10,127,197,3
4,179,186,5
14,164,193,82
5,49,195,128
5,63,197,20
14,119,195,329
7,131,182,4
14,143,193,3
16,120,184,85
18,101,191,2
14,139,193,254
6,104,192,23
17,155,181,9
1,97,193,4
10,130,194,396
5,107,194,1
16,83,181,203
10,52,185,3
2,52,184,4
4,166,198,24
3,58,185,19
1,90,197,31
7,44,195,28
6,152,186,5
16,121,190,63
5,81,185,5
6,19,187,7
5,116,186,31
3,33,190,4
5,42,187,3
18,101,186,32
17,148,181,3
17,163,181,111
17,24,189,23
12,46,185,4
6,104,195,4
3,19,192,2
9,29,184,18
5,27,198,67
7,138,191,42
3,57,185,15
7,140,197,18
11,117,182,5
4,178,192,32
17,58,186,1
14,62,193,1
10,33,191,47
17,64,198,9
18,126,186,10
16,119,192,5
5,35,184,3
5,112,186,4
11,40,188,32
14,51,182,3
5,33,187,2
7,137,192,4
5,123,193,99
17,113,198,1
11,99,195,8
6,55,192,62
5,42,190,2
16,42,184,3
5,149,182,4
9,96,189,1
3,70,184,117
3,126,186,23
10,20,190,6
5,57,185,13
1,28,192,8
16,111,183,1
16,42,192,7
1,67,183,1
5,116,196,28
6,178,192,10
17,176,190,5
18,44,184,7
10,33,181,20
17,140,185,5
5,126,198,19
12,63,190,1
14,114,189,9
3,171,183,7
16,121,193,1
16,55,192,1
16,97,186,49
6,55,197,8
10,113,187,2
6,72,183,3
4,94,195,1
17,140,186,23
5,126,193,26
11,148,197,4
12,52,194,2
6,102,185,1
16,126,186,13
10,71,195,228
14,61,198,146
10,119,186,55
11,40,198,5
16,30,185,164
13,64,188,1
4,147,191,5
14,78,191,5
3,164,188,25
12,62,183,1
16,100,192,4
14,78,196,16
10,130,197,3
13,58,182,1
7,68,185,39
10,65,192,5
17,148,195,8
16,176,192,45
6,90,194,105
17,140,193,7
14,32,192,1
1,74,186,4
9,126,186,3
14,123,181,117
14,158,186,27
5,155,186,44
3,40,192,10
11,117,191,10
5,123,196,117
8,104,189,41
7,80,195,61
4,19,187,2
6,59,183,13
5,131,198,6
10,58,192,7
5,62,198,2
14,102,190,3
4,94,184,138
3,44,188,1
14,177,197,18
5,24,185,2
6,90,189,1
3,171,191,5
10,35,194,64
17,94,184,1
12,77,187,6
6,178,186,10
17,33,192,17
4,85,184,2
14,177,185,18
4,59,195,4
1,126,198,1
10,109,184,2
2,86,185,121
10,164,193,63
11,88,185,4
6,104,190,5
14,123,191,1
11,126,186,8
3,164,191,33
8,164,190,1
3,174,184,32
8,54,191,1
3,164,187,6
12,107,197,78
6,40,196,5
17,120,185,19
14,32,189,2
3,27,191,12
5,22,183,90
11,40,192,6
6,94,192,1
17,121,186,7
7,75,186,2
4,133,189,2
3,171,189,4
16,176,183,7
1,74,187,3
7,179,191,1
10,158,198,12
10,33,189,71
17,147,191,4
12,171,192,4
14,176,190,9
17,19,198,1
5,131,193,6
10,148,197,7
12,145,188,13
6,55,190,4
14,47,182,7
6,178,198,7
16,107,189,3
4,96,188,3
17,140,187,2
18,145,192,6
12,33,190,3
12,85,182,5
5,53,186,89
5,89,186,1
10,33,198,59
3,164,184,10
16,159,198,38
10,33,197,82
10,40,196,8
3,171,186,7
1,102,188,28
12,158,186,11
16,174,191,27
12,77,185,7
4,137,183,4
7,57,185,9
11,162,188,3
13,114,194,2
16,159,186,6
17,19,185,2
18,55,183,4
9,78,192,4
4,79,185,6
14,146,191,44
11,117,192,15
15,69,187,2
16,63,192,3
12,153,185,4
9,39,190,4
10,81,191,127
3,164,192,35
14,84,192,7
7,126,192,6
7,100,191,14
4,179,185,55
4,176,190,10
5,126,183,15
6,65,192,3
17,27,191,9
17,42,185,1
18,145,184,80
14,58,193,7
3,39,194,1
17,19,192,18
16,97,193,136
5,126,189,9
15,54,185,3
10,158,186,19
18,102,190,6
11,164,193,9
9,20,191,2
18,145,191,2
1,136,186,52
12,67,186,2
18,26,192,20
16,69,188,1
18,114,198,2
3,167,188,6
7,72,185,12
14,104,188,5
10,152,186,7
17,67,190,52
10,58,184,2
18,50,192,5
1,105,190,60
11,40,181,3
4,77,195,6
14,37,185,11
17,140,192,47
12,44,187,20
10,33,188,15
16,166,186,11
12,179,181,1
18,177,185,3
17,134,192,2
14,58,197,22
14,58,183,7
16,155,188,3
18,129,186,4
9,121,185,43
14,26,189,4
2,79,192,4
18,143,193,27
12,121,193,2
2,88,186,25
18,54,198,7
16,33,192,114
6,177,189,2
3,164,189,13
6,67,183,1
16,85,182,23
16,174,186,9
8,55,183,3
7,149,193,8
12,164,193,51
12,27,186,1
11,55,183,3
6,35,191,22
14,62,191,2
3,79,195,11
18,26,197,3
14,78,192,16
10,147,191,1
10,108,188,2
15,54,193,4
18,143,188,4
10,52,182,3
17,68,185,3
6,63,186,6
14,177,186,19
3,143,189,4
7,72,187,8
16,107,197,11
12,166,185,18
16,164,193,13
12,63,193,3
1,65,186,7
4,118,197,8
1,74,181,2
3,26,186,8
17,57,185,25
18,32,181,1
16,62,187,21
10,33,184,28
14,179,192,4
16,79,192,55
3,171,193,7
18,30,186,29
17,64,189,33
3,78,197,4
10,54,188,5
7,89,186,37
3,179,185,1
6,79,186,11
2,152,190,8
11,72,183,4
9,85,197,14
12,55,183,2
4,108,183,1
14,20,181,11
5,137,183,2
17,166,184,11
3,152,193,2
10,85,182,20
16,39,185,3
3,164,190,18
3,102,190,8
5,131,192,5
14,78,183,2
9,39,184,3
18,46,193,2
3,164,198,21
4,69,191,3
10,123,193,2
17,111,197,1
12,77,198,3
13,64,183,2
8,51,193,20
11,102,181,2
7,143,189,3
5,126,192,36
4,116,189,4
5,107,195,3
4,179,194,2
14,130,189,2
14,165,184,6
7,125,197,10
12,56,181,2
11,58,190,7
14,79,186,50
14,112,185,2
18,27,191,5
1,121,192,1
4,163,181,2
7,159,193,2
10,161,187,2
4,69,184,3
17,64,181,4
14,121,183,2
7,137,195,3
5,59,191,6
17,40,192,2
17,64,183,1
8,140,197,1
18,143,185,4
5,102,191,80
6,19,190,2
6,33,189,6
5,28,192,5
17,121,187,5
3,79,191,12
16,57,185,24
6,104,198,6
11,102,190,1
10,79,186,15
2,171,192,3
16,50,181,5
14,144,186,2
10,176,190,15
5,143,189,5
14,177,193,9
3,140,197,7
18,152,186,7
14,177,191,9
9,105,192,4
10,55,183,7
5,164,193,19
16,131,182,28
15,23,198,93
4,35,191,42
14,108,193,6
10,158,196,1
6,131,182,2
6,63,187,4
8,164,193,5
11,138,198,4
16,29,195,2
2,102,181,16
17,83,186,7
9,85,184,30
11,59,195,2
10,130,192,2
5,149,184,5
9,105,185,1
18,121,182,1
14,72,188,7
12,81,191,5
8,178,189,3
3,85,181,2
12,62,186,15
2,111,186,63
11,117,194,7
15,32,198,1
5,126,187,14
5,127,197,2
3,158,181,14
4,64,185,23
4,116,181,1
12,143,189,5
4,164,181,2
10,158,197,2
5,20,181,2
5,153,198,6
16,176,191,26
11,44,184,4
4,86,197,3
14,107,189,4
16,54,188,7
9,84,194,1
7,37,187,3
9,180,187,1
1,74,185,6
4,67,186,1
17,83,193,6
4,143,189,11
14,94,192,1
9,153,190,2
7,108,188,1
17,64,192,9
5,28,198,1
17,83,195,5
11,27,189,10
14,152,186,3
14,177,192,34
17,120,186,3
5,51,187,3
5,35,195,1
1,176,190,1
8,27,191,4
12,167,193,1
9,105,191,1
11,20,196,5
14,179,187,1
5,35,192,14
10,123,196,1
5,102,197,4
18,121,181,1
16,30,184,4
5,43,191,2
7,112,181,1
7,85,182,3
14,51,185,5
1,65,185,4
14,68,198,3
10,166,198,8
6,178,189,10
16,97,189,2
16,42,182,1
16,174,192,9
10,26,186,3
18,101,188,3
7,148,192,24
14,164,186,2
7,72,198,9
3,166,195,1
12,133,190,2
10,33,187,34
10,102,181,10
3,42,185,2
17,148,188,4
4,114,194,8
8,164,198,2
15,158,186,5
6,19,186,14
6,37,185,6
5,114,198,12
12,37,186,2
15,43,192,32
16,83,186,1
2,79,198,2
18,176,192,2
14,84,189,1
11,90,195,2
17,107,191,5
7,152,186,6
3,49,192,7
16,112,192,11
6,158,186,11
16,57,192,42
16,88,191,13
5,131,183,3
11,40,184,6
16,104,194,1
6,63,191,7
14,116,187,6
9,78,190,4
6,104,197,9
3,77,195,4
5,153,192,8
16,107,198,2
3,69,192,4
16,166,192,5
16,119,187,1
5,79,186,9
16,176,187,3
17,94,192,2
16,160,190,2
17,67,192,1
17,140,198,16
17,117,193,52
5,107,182,4
16,42,186,5
16,111,195,6
18,39,184,4
18,57,184,13
5,126,184,13
14,143,187,3
18,129,195,2
6,164,182,1
9,54,198,2
10,130,186,4
11,109,183,3
14,119,184,2
6,33,198,6
10,85,193,1
5,153,194,1
10,109,186,37
18,26,190,1
1,74,183,1
5,107,198,4
7,20,190,1
5,149,195,7
3,52,191,1
5,42,186,35
12,133,186,6
1,107,198,11
10,20,181,5
6,121,188,3
11,27,193,18
6,63,183,6
2,153,198,2
4,174,184,4
5,171,189,7
8,164,192,1
17,148,184,4
18,95,181,39
11,179,191,2
16,58,186,6
10,119,181,15
6,19,189,6
3,79,182,5
13,64,192,6
10,60,193,1
4,122,188,101
5,126,196,5
16,46,192,3
3,100,197,61
1,33,192,5
18,177,194,1
14,72,184,2
14,166,193,1
7,72,189,29
6,33,193,5
16,52,186,43
10,96,186,6
4,161,198,4
10,96,192,2
14,97,193,2
16,102,192,20
4,149,191,3
12,40,196,3
5,43,193,7
16,159,189,4
5,58,185,7
16,147,192,35
6,59,191,8
14,64,184,7
7,112,187,2
10,121,198,2
6,59,184,7
5,90,197,3
7,112,193,2
10,67,194,1
5,155,190,1
16,37,196,2
3,44,192,1
4,27,191,5
17,148,193,9
7,44,192,8
16,37,198,6
6,127,186,1
7,148,185,3
10,33,183,26
11,27,186,24
5,149,198,5
16,164,182,2
12,68,190,5
14,177,194,6
11,117,185,7
16,97,185,2
3,113,183,2
10,27,185,1
3,51,183,2
11,40,193,11
3,171,195,6
16,127,183,2
16,118,192,7
7,72,191,79
17,158,186,7
4,158,188,8
10,33,193,52
14,108,198,4
18,111,187,3
10,52,192,1
3,54,198,9
11,117,197,7
7,46,193,3
11,104,188,4
11,117,195,13
17,148,198,9
7,44,189,3
12,179,190,1
7,102,190,2
17,74,192,2
1,120,181,1
5,37,185,3
3,158,195,12
16,124,184,2
9,33,192,19
8,57,185,1
14,130,186,4
11,117,181,9
14,96,186,3
3,64,185,2
10,58,193,4
14,177,198,29
17,159,193,3
6,33,194,8
5,158,191,2
7,112,194,1
18,72,183,3
16,62,186,1
2,118,192,4
14,51,193,2
16,100,193,39
10,59,194,1
17,137,184,2
9,58,185,3
3,171,184,14
18,26,198,2
10,110,184,3
10,83,194,4
18,26,183,2
7,137,183,3
16,39,195,4
4,96,197,6
3,100,195,3
14,59,195,5
10,158,194,5
10,72,183,8
17,133,193,2
16,29,196,1
17,44,184,7
5,158,186,11
17,112,187,1
11,121,192,2
6,55,189,3
5,149,194,1
7,44,194,2
18,153,198,2
16,19,187,6
17,19,197,2
5,107,184,3
10,146,182,1
5,97,189,1
17,31,192,4
8,33,192,17
16,134,192,3
17,62,190,1
4,179,192,10
1,107,190,8
16,166,193,5
16,69,195,3
8,19,192,3
5,114,188,3
6,27,191,6
14,179,185,2
11,114,194,1
17,178,189,3
17,121,192,5
9,105,186,2
5,102,182,8
17,138,184,2
9,137,192,4
6,68,195,6
6,101,185,1
12,62,188,3
12,70,184,1
16,42,197,4
16,176,188,15
16,52,185,6
6,164,184,5
8,20,190,3
17,54,198,3
16,63,186,7
16,126,185,1
16,83,190,1
1,131,182,2
7,112,195,2
17,19,193,5
4,96,181,6
3,97,183,3
7,40,185,3
18,145,190,2
11,58,189,2
18,85,182,7
2,52,192,6
16,159,184,2
10,35,190,1
3,102,181,7
16,174,188,1
7,96,186,4
18,58,181,1
9,28,183,2
18,101,189,1
3,33,192,24
16,173,186,3
16,29,186,6
6,134,184,1
4,79,186,4
11,39,181,1
11,27,197,12
10,35,198,3
9,20,195,1
14,158,183,1
10,142,191,8
4,37,186,1
10,130,196,3
4,46,193,2
16,72,182,5
5,46,198,2
6,126,186,10
4,178,198,1
18,79,186,4
3,51,187,2
17,117,192,1
6,59,192,10
14,177,189,12
3,51,198,1
3,79,183,8
10,121,186,1
11,40,186,11
3,79,193,19
12,77,197,2
18,129,185,1
5,35,186,9
18,57,198,20
12,164,181,3
6,69,181,2
17,111,190,3
7,129,193,23
5,26,189,4
16,99,195,5
18,114,194,2
12,77,192,11
3,99,190,2
15,69,185,12
4,158,186,16
11,117,186,7
5,117,193,6
9,33,186,1
3,171,190,6
7,52,198,1
17,59,195,5
5,131,187,3
3,63,193,3
14,58,191,7
5,62,197,1
14,33,193,1
6,33,185,9
4,96,198,13
18,29,193,1
12,46,197,1
3,88,187,5
16,54,192,9
17,148,182,6
10,33,195,28
16,123,192,4
16,102,198,2
16,63,193,8
10,174,184,8
2,164,192,2
1,44,184,3
10,110,181,2
16,111,191,1
5,149,192,15
10,179,191,6
6,50,193,60
3,151,193,2
7,74,192,2
18,107,197,1
16,176,194,4
16,37,193,2
4,96,193,3
17,118,186,11
8,164,189,1
6,35,198,1
1,74,195,3
5,66,190,2
6,178,193,5
14,166,198,7
6,85,182,4
14,167,192,1
14,177,187,7
14,54,198,4
12,77,186,60
16,44,187,2
12,123,186,5
4,40,196,1
12,69,190,70
6,123,192,5
16,176,195,12
9,148,191,2
2,155,188,1
12,64,184,22
17,140,194,3
3,68,198,3
16,29,192,7
9,96,186,1
11,158,186,10
3,158,197,14
11,54,188,3
12,96,192,3
3,69,193,1
11,109,197,1
14,72,186,10
7,126,191,2
5,153,190,6
16,69,181,2
5,102,186,2
5,69,192,1
16,176,198,17
16,121,198,2
14,68,185,34
7,132,188,1
4,97,183,5
14,58,181,4
9,77,195,2
8,126,186,11
10,62,189,3
16,97,198,3
11,27,184,11
18,101,198,1
18,138,184,2
3,175,187,1
12,68,182,1
5,118,192,4
7,44,191,13
7,166,198,5
18,143,195,4
3,58,184,2
14,58,188,6
7,121,182,4
17,139,182,2
10,35,185,2
16,158,186,8
1,111,183,28
11,139,182,7
9,52,185,1
18,50,186,3
4,58,186,1
6,33,191,4
11,130,196,2
7,145,187,4
3,171,187,6
7,123,196,2
1,107,183,1
4,177,194,1
16,113,187,1
17,64,197,6
17,72,183,2
16,58,189,9
4,88,191,3
12,179,192,2
5,79,185,4
3,118,192,7
17,33,190,4
7,166,184,5
5,55,183,11
7,71,192,2
15,148,197,1
4,126,186,7
2,52,186,12
17,176,189,1
5,134,192,3
5,54,198,8
17,111,193,7
16,152,186,21
3,99,186,4
2,35,191,1
5,114,182,2
17,54,191,2
11,131,182,5
5,102,192,9
11,40,195,4
18,50,193,3
5,54,188,6
16,176,184,9
6,20,181,8
5,107,187,6
14,112,198,3
16,124,186,5
11,123,196,2
12,114,181,1
10,35,192,11
5,107,189,8
14,176,193,1
16,94,192,5
5,46,193,9
16,39,194,5
12,49,185,5
18,93,185,1
17,155,189,4
17,116,187,2
17,83,187,5
11,112,192,4
13,64,197,6
7,72,188,4
12,153,186,6
5,88,186,3
18,164,193,10
3,171,198,9
16,40,196,5
15,33,192,5
3,158,189,8
6,74,192,3
14,79,192,2
5,171,192,5
14,44,195,1
3,171,196,1
4,133,191,2
16,55,183,10
10,58,182,5
9,39,196,1
9,85,193,11
10,134,191,1
11,65,195,5
18,140,197,3
6,124,189,4
10,139,192,2
14,117,193,4
1,46,198,2
9,85,188,5
11,94,192,3
4,138,184,1
16,63,197,2
12,37,185,2
4,96,191,6
4,152,186,5
4,97,186,2
6,24,185,1
11,145,197,3
14,78,186,11
16,53,186,2
10,100,198,2
16,64,185,9
4,54,198,9
18,129,190,4
16,54,184,7
12,112,187,1
18,158,186,24
1,107,191,7
17,143,196,1
3,99,192,10
3,171,197,15
6,55,198,11
3,66,192,5
6,148,197,5
4,57,192,1
6,19,195,3
14,58,195,6
6,112,186,3
5,126,182,6
17,64,191,2
3,79,192,40
3,113,191,1
14,48,195,1
4,69,195,6
5,145,187,6
2,164,193,3
5,126,181,10
5,63,189,2
12,114,183,1
8,54,188,1
2,79,182,2
18,101,192,2
4,118,191,3
9,33,190,1
6,50,195,3
14,51,186,3
5,173,198,2
16,112,188,2
5,19,187,11
5,28,191,2
6,62,191,6
1,107,192,8
4,149,186,3
18,57,183,4
17,35,193,3
16,58,181,17
4,153,198,4
7,137,198,3
6,44,195,2
6,55,184,6
10,164,186,2
9,177,185,1
3,85,182,7
7,126,186,5
10,97,198,2
3,79,197,10
12,77,181,1
1,149,193,2
16,102,197,6
12,130,194,2
5,77,195,1
6,104,185,7
3,39,184,2
5,35,189,4
4,97,189,1
4,19,192,4
1,127,197,1
16,110,191,10
16,54,193,5
3,63,198,1
14,139,182,4
18,143,183,6
16,117,193,15
16,48,186,1
9,121,186,1
7,72,197,22
2,152,184,4
4,97,197,1
8,20,197,2
6,63,198,3
2,152,192,11
16,46,198,3
3,158,184,11
6,169,191,2
11,105,183,2
10,24,195,9
12,122,189,13
5,97,193,1
17,39,184,5
16,166,185,11
17,55,197,13
3,112,192,3
16,65,187,1
11,58,195,1
14,102,181,11
3,79,187,6
7,96,187,2
16,37,192,11
12,133,195,6
5,30,185,5
12,85,183,1
5,58,181,2
5,120,183,1
2,174,184,2
7,35,191,1
16,59,183,2
11,50,186,4
4,131,182,6
5,69,198,1
9,39,192,11
2,139,193,5
12,68,192,7
16,174,198,7
9,39,193,1
6,138,193,1
11,112,186,1
11,117,198,15
4,143,192,1
6,63,188,6
12,46,186,10
16,159,191,2
16,26,189,8
6,33,186,10
16,59,195,6
4,116,190,3
1,146,182,1
18,57,191,12
14,131,182,4
3,109,194,4
18,145,183,2
18,81,185,1
14,19,198,1
6,59,194,7
5,107,186,7
17,52,194,3
4,88,187,1
16,37,186,6
5,158,193,2
17,174,184,6
14,179,182,1
16,54,185,4
1,159,193,3
15,100,191,1
6,108,188,5
12,42,185,4
12,166,198,2
3,155,188,4
17,64,188,8
17,140,184,6
5,28,197,1
7,101,185,3
18,171,192,3
8,104,182,1
1,107,182,6
9,78,183,2
18,96,186,5
16,178,192,1
6,90,188,1
5,107,185,2
9,20,192,5
14,108,192,8
16,112,181,4
10,158,193,2
16,27,186,3
10,72,182,4
10,140,197,8
16,166,191,4
9,44,184,2
1,140,197,5
5,52,182,1
7,96,195,5
3,33,191,2
7,44,190,4
17,79,186,9
3,100,181,1
3,79,188,10
4,97,191,1
2,40,186,1
16,54,191,3
3,58,189,4
4,121,192,2
7,134,198,1
11,27,195,10
14,143,183,1
8,164,186,6
7,96,198,4
5,149,197,3
17,121,198,5
9,63,182,1
16,63,185,2
7,112,186,3
17,148,191,9
8,20,192,6
12,176,190,2
7,33,187,2
1,107,186,13
5,42,192,5
17,62,191,3
12,167,192,5
11,27,187,8
10,85,192,2
14,58,192,16
10,158,182,2
18,31,185,4
10,104,190,2
3,101,185,4
2,57,185,5
7,78,197,4
3,179,191,11
4,20,181,2
1,44,186,4
11,145,187,1
3,63,189,2
5,179,191,6
4,161,197,1
10,40,186,6
4,116,197,6
18,129,182,4
17,164,181,3
12,77,191,5
11,151,183,3
8,143,189,9
10,153,186,1
6,104,194,2
4,104,188,5
6,55,194,2
5,78,186,14
2,19,192,4
16,120,186,4
5,96,186,13
5,42,191,6
11,101,185,2
10,158,192,5
16,102,183,2
4,112,187,5
14,72,190,4
1,107,187,2
5,42,198,2
5,153,193,3
5,62,192,5
11,85,182,3
7,126,190,2
11,40,189,5
18,57,181,9
14,97,186,2
9,43,186,2
3,180,184,2
4,116,198,3
10,110,188,2
17,111,192,5
9,166,198,3
5,28,182,3
10,54,192,2
7,37,186,4
9,137,182,1
8,74,192,1
6,174,184,4
2,151,193,1
10,33,194,9
16,166,197,7
15,43,183,1
2,143,189,4
12,72,182,5
14,51,197,1
6,68,196,1
16,124,193,2
12,77,183,4
5,39,194,1
16,35,198,1
15,153,198,1
12,111,197,1
6,55,181,7
18,143,186,15
3,99,191,6
7,174,184,2
16,54,195,4
3,34,193,17
1,171,192,2
8,171,192,2
11,139,192,3
3,96,186,20
16,120,182,1
3,171,181,6
4,174,198,3
17,111,182,1
7,164,192,1
18,117,193,7
4,174,192,2
17,19,196,2
16,139,184,5
6,52,182,3
12,79,185,2
11,138,186,3
7,176,190,2
11,133,197,1
5,107,192,2
14,72,189,6
5,148,197,11
8,20,185,4
10,52,188,1
12,40,186,1
7,44,198,7
17,153,198,2
12,117,193,3
4,116,183,2
9,78,197,5
16,96,191,2
18,93,191,30
5,123,184,2
18,37,193,1
12,178,187,4
16,97,194,1
16,40,186,2
7,44,197,4
4,120,190,4
5,131,184,6
3,102,195,1
13,179,191,1
10,134,198,1
11,63,193,8
17,19,195,5
15,116,187,1
16,62,192,3
10,158,189,1
6,133,189,4
6,149,193,6
3,79,198,10
2,79,187,2
6,63,195,3
3,84,194,3
3,114,194,3
6,164,181,2
17,54,188,1
12,77,193,3
5,102,195,4
17,140,182,5
6,19,197,4
7,20,195,1
18,108,183,1
18,26,191,7
17,163,197,1
14,164,181,3
17,133,189,2
2,46,193,1
3,139,182,5
7,27,191,12
2,121,192,4
2,176,190,1
18,58,185,2
6,121,185,1
5,85,182,7
10,24,185,1
16,52,198,4
9,147,190,4
5,126,190,7
11,174,184,3
7,96,185,4
4,179,198,6
11,43,192,1
3,158,191,19
11,29,189,1
9,147,189,3
17,148,192,11
16,58,188,5
5,126,195,8
16,84,194,1
3,131,182,3
5,176,193,3
10,111,197,3
10,143,189,9
11,79,186,6
16,84,186,3
16,139,197,1
5,35,182,2
1,161,195,1
16,113,197,2
4,33,189,2
3,83,192,1
16,68,198,6
9,55,183,3
16,102,184,3
6,117,193,7
10,34,184,2
12,131,182,1
7,55,183,4
6,33,197,4
16,77,195,9
6,166,198,3
10,114,197,2
10,44,184,25
17,148,189,4
17,166,198,8
6,81,185,1
16,119,193,1
16,148,191,1
18,33,190,2
12,133,188,2
11,138,190,2
8,164,197,1
14,77,195,3
9,123,192,1
9,39,186,4
4,97,192,2
10,158,181,3
16,174,193,2
4,96,192,17
2,52,183,8
5,119,188,13
7,72,192,9
9,28,193,2
18,26,185,6
10,130,191,1
18,101,195,3
18,57,182,6
16,97,181,1
2,59,195,6
6,104,191,8
11,117,184,3
5,167,198,2
16,148,197,10
8,93,195,1
12,119,184,1
2,164,190,1
7,44,187,3
4,116,185,6
5,35,183,3
5,149,183,1
18,149,193,5
9,27,191,6
11,51,187,2
4,102,181,2
6,55,196,4
16,50,184,2
14,177,184,23
17,31,186,2
1,74,193,5
10,175,184,5
14,179,198,5
17,64,186,8
7,43,186,1
17,121,193,3
3,67,192,1
16,107,185,1
11,166,186,1
16,69,190,3
16,176,196,1
7,98,186,1
12,67,194,1
3,40,196,12
18,57,197,10
5,78,197,5
6,63,196,2
15,94,191,2
14,58,196,1
10,178,197,8
6,178,182,4
6,52,192,4
3,44,186,1
6,176,197,1
7,96,181,1
2,139,192,3
16,151,198,1
10,81,192,8
4,55,183,6
3,171,185,4
14,23,198,1
4,33,187,5
7,104,188,3
13,64,184,2
14,88,187,2
16,63,190,1
12,19,192,2
17,19,186,11
12,107,186,1
11,33,186,1
4,174,197,2
17,155,186,4
3,99,189,2
5,138,184,5
16,37,189,3
14,55,183,8
6,104,193,5
5,62,191,5
9,117,193,1
18,164,181,2
5,27,191,9
18,101,184,3
3,107,189,4
16,178,197,4
14,108,181,1
18,129,188,4
3,85,195,1
1,152,186,3
10,33,182,19
1,44,191,2
16,176,189,12
4,69,198,1
4,179,195,2
18,50,190,2
5,131,186,4
18,143,191,11
14,77,193,1
16,44,184,6
10,139,182,6
14,72,198,3
6,141,181,1
5,149,185,6
9,39,187,1
6,59,189,5
2,64,184,5
17,83,192,11
16,85,190,1
2,164,185,1
9,137,184,4
6,19,184,1
7,40,196,2
6,121,186,6
12,123,182,1
16,127,191,1
18,57,186,20
2,158,188,1
2,152,193,7
17,143,189,1
2,152,183,4
8,19,183,2
16,174,187,1
5,42,184,3
16,124,192,6
3,164,183,12
3,133,189,2
16,111,181,1
12,46,191,6
10,53,185,2
9,28,190,1
12,85,190,3
17,111,195,2
14,108,186,5
1,153,187,1
17,152,186,2
11,43,194,1
14,140,182,1
6,28,183,1
11,68,198,3
6,116,187,3
4,122,192,1
14,118,192,4
16,78,197,3
14,84,191,6
3,78,182,1
3,158,187,9
16,166,184,3
5,40,187,3
1,107,188,3
17,155,193,2
5,126,194,7
6,32,192,2
1,74,198,4
4,179,184,3
18,62,192,1
10,58,197,5
16,85,192,1
4,29,184,6
4,94,193,5
17,64,182,7
2,152,182,3
5,62,194,3
17,121,188,4
3,50,181,3
14,27,191,12
2,52,197,5
12,46,194,5
6,54,191,2
13,158,188,2
11,33,192,26
17,30,192,5
4,69,190,1
5,107,181,2
6,66,186,1
5,119,198,1
7,52,193,2
18,39,192,3
18,143,182,4
18,40,186,4
14,72,193,1
16,171,189,1
7,72,190,5
8,120,182,1
5,42,188,1
3,158,183,14
3,158,182,4
2,152,191,9
16,134,183,2
11,90,184,1
2,152,188,10
4,120,197,2
2,89,192,2
12,59,195,3
3,164,185,14
14,35,191,1
18,99,195,1
16,29,194,2
6,59,186,9
10,88,185,2
16,102,186,6
18,102,181,7
10,35,187,3
12,121,195,1
9,85,189,8
4,78,197,4
16,100,189,8
18,177,191,14
17,111,185,2
11,50,189,1
10,81,190,4
18,52,194,3
3,178,192,2
11,166,198,7
14,179,186,8
16,111,192,2
17,121,185,2
17,179,191,2
17,39,194,3
17,148,183,3
14,78,198,7
10,39,184,2
9,85,191,9
14,121,182,3
5,44,184,4
3,149,193,4
9,58,181,1
16,37,188,25
3,127,197,2
5,58,186,2
14,167,198,1
10,158,185,1
4,120,185,3
17,118,198,4
12,108,194,9
8,102,193,2
17,148,186,11
2,84,186,2
18,127,197,1
16,60,184,1
4,120,183,4
5,153,191,1
5,29,189,4
16,176,181,4
7,44,185,4
18,26,194,1
14,97,198,2
14,102,182,2
6,102,181,4
14,72,192,6
4,178,193,4
16,150,184,1
17,55,183,5
12,33,192,22
3,158,193,11
3,99,182,7
5,102,187,5
4,178,197,4
11,40,190,8
6,84,197,3
2,84,194,1
4,88,193,1
4,68,185,2
14,49,195,1
14,130,193,6
9,164,193,5
3,158,196,5
5,107,183,1
13,64,186,6
14,144,192,6
11,39,198,8
9,152,186,1
14,58,186,12
16,33,198,3
3,117,193,10
17,64,185,5
14,102,191,2
9,78,185,2
4,126,198,2
4,147,184,1
16,46,181,1
3,27,186,2
6,121,184,7
16,68,184,1
10,116,187,4
16,59,198,1
18,39,194,2
16,127,186,5
17,64,193,8
17,19,182,3
16,54,182,7
4,176,193,3
4,120,181,1
12,49,181,1
8,54,198,5
16,175,187,3
4,94,198,3
7,112,184,2
16,102,190,12
5,50,193,1
10,62,191,7
16,150,192,1
2,40,185,1
2,123,181,1
16,87,191,11
14,166,188,1
17,31,193,2
12,97,183,5
9,39,195,5
18,64,184,10
17,118,181,4
6,55,191,12
11,162,192,4
14,140,197,2
12,56,183,1
14,38,184,2
1,145,193,1
10,81,186,4
15,127,197,1
6,33,195,5
7,39,192,1
3,44,198,2
17,155,184,1
3,44,181,1
12,55,197,1
14,34,193,3
1,90,184,1
5,102,189,1
5,131,197,3
10,152,185,1
12,127,197,1
18,101,197,1
16,35,191,3
2,107,198,1
7,96,184,2
10,85,190,3
17,148,190,5
14,78,193,2
14,179,191,5
16,58,190,13
14,143,197,4
4,85,182,5
5,131,195,5
4,48,186,1
3,152,188,2
16,102,191,7
5,177,192,4
3,62,191,4
3,113,193,1
5,39,192,4
3,70,186,1
17,120,192,1
3,122,188,1
12,46,192,4
8,64,184,4
14,67,183,1
6,84,195,9
4,97,193,6
5,140,197,5
3,108,188,3
14,171,192,6
11,138,193,5
5,131,188,1
7,52,195,1
9,83,194,2
2,94,192,2
12,79,186,4
12,179,191,3
6,32,195,1
12,139,195,2
16,143,189,17
2,19,181,1
4,113,187,1
10,37,185,6
11,125,183,1
4,112,192,3
4,116,186,3
6,96,188,1
1,65,189,1
16,68,185,1
3,99,194,1
11,133,189,2
16,37,182,3
8,93,186,3
18,59,186,1
2,152,198,6
18,102,193,9
16,49,192,1
2,33,184,1
10,69,181,4
3,152,189,2
3,64,184,5
2,107,182,3
18,145,189,2
4,124,189,2
1,102,182,2
14,112,192,9
17,140,188,3
4,40,186,5
18,113,187,2
9,104,188,26
11,86,184,11
10,34,182,1
10,52,194,1
6,63,192,11
5,28,190,4
3,152,185,1
10,69,193,2
4,88,184,2
14,177,195,8
7,29,189,2
18,143,184,8
6,105,191,1
6,90,186,1
6,104,183,6
4,94,185,5
2,33,191,2
2,52,198,5
4,161,194,1
5,49,192,3
10,130,198,3
6,59,188,1
6,112,192,4
3,66,193,2
10,71,191,2
10,78,197,5
15,149,193,1
17,68,198,7
2,78,197,1
5,158,195,1
5,72,182,6
10,112,185,1
17,118,190,4
9,153,186,3
11,27,183,2
7,51,187,1
7,120,184,1
7,89,195,8
17,127,197,2
14,84,197,2
3,66,191,1
14,42,185,1
6,140,197,5
16,39,187,2
5,131,185,2
9,40,185,2
11,19,192,7
17,118,185,6
7,143,192,2
17,113,191,1
4,120,192,1
6,104,181,3
2,79,186,11
4,88,197,1
6,68,192,10
16,62,191,3
8,78,193,1
5,68,192,2
1,102,181,3
11,35,191,2
2,139,190,1
11,27,194,2
7,97,183,1
2,178,197,1
5,49,184,2
16,51,187,2
5,131,191,5
5,166,198,10
6,104,187,4
4,113,197,3
3,126,187,3
14,94,184,2
4,67,192,5
6,83,194,6
2,104,188,2
3,166,185,2
3,72,182,1
1,107,197,8
17,133,186,1
6,42,185,5
6,107,189,4
16,52,191,2
17,83,196,1
12,139,193,1
4,112,186,2
17,140,195,5
2,166,198,2
17,144,181,1
17,28,192,1
16,149,193,8
4,107,197,6
16,112,182,1
3,100,185,1
15,96,186,2
12,56,195,2
7,118,198,2
16,44,195,2
11,125,187,2
12,35,191,4
12,56,193,1
6,107,191,4
16,34,193,3
12,110,186,2
15,126,186,2
8,65,192,1
11,117,190,5
10,58,183,1
6,176,193,4
17,168,197,12
6,126,198,4
2,148,197,2
11,124,189,2
17,96,186,6
18,30,187,1
2,152,195,8
14,121,192,3
4,96,184,6
16,37,190,1
7,70,184,1
5,52,194,7
3,70,192,2
17,108,188,1
4,96,185,4
6,169,187,1
9,85,187,5
4,139,192,1
11,96,186,7
16,20,181,3
18,37,192,5
5,102,193,5
16,44,194,2
4,97,185,2
12,46,188,3
10,34,185,1
14,46,193,1
12,58,185,1
14,130,197,1
3,59,195,5
8,133,197,1
18,62,191,5
18,166,182,2
17,33,187,5
5,120,191,2
7,44,196,2
14,108,187,5
10,110,193,3
17,113,183,1
14,50,195,2
3,58,183,2
14,177,188,5
14,26,186,2
4,67,195,3
14,148,197,7
18,119,198,1
16,166,182,3
6,64,184,3
2,149,193,2
6,137,184,2
11,39,193,6
3,104,188,12
4,179,197,3
8,99,195,3
2,98,192,1
4,27,187,1
13,64,195,5
11,27,190,5
14,72,195,6
10,107,197,1
17,133,197,1
10,28,183,5
4,68,192,9
9,158,195,1
6,158,188,7
11,109,191,2
7,119,193,3
9,78,182,1
11,20,190,1
9,112,192,2
12,153,197,3
9,147,195,1
6,63,185,4
13,27,198,1
10,126,186,15
11,33,190,6
16,127,198,2
18,37,187,13
18,19,192,2
6,68,185,3
18,118,192,3
12,28,183,2
16,83,191,1
17,37,185,3
6,63,189,6
17,118,187,3
18,20,181,1
10,110,185,1
3,88,197,1
16,33,191,2
15,43,197,3
5,149,186,6
14,144,193,1
16,174,197,5
3,164,181,12
10,81,198,4
4,159,193,3
3,144,183,2
14,161,198,1
1,107,194,4
16,42,193,1
12,68,198,4
18,59,195,3
16,101,197,3
14,84,187,1
3,166,193,2
6,127,193,5
2,139,198,2
14,96,192,4
16,174,195,2
14,143,185,1
10,171,192,7
18,57,193,12
16,119,184,1
14,112,186,8
9,28,192,4
16,112,185,5
8,20,198,1
18,158,188,2
18,33,187,1
9,174,184,1
4,62,191,2
11,137,183,1
5,152,186,5
6,26,186,2
14,72,191,3
16,63,198,1
1,85,182,1
14,97,189,1
6,19,193,4
14,51,192,2
10,137,183,3
3,66,195,2
12,133,185,3
11,69,195,2
17,121,184,5
7,111,187,2
17,83,188,7
16,102,193,12
18,81,192,3
2,158,186,2
15,57,185,1
17,121,197,5
18,26,187,2
14,78,195,7
17,180,187,4
11,39,186,2
18,93,198,2
6,63,190,2
8,37,185,2
6,30,192,1
12,153,184,4
5,126,197,10
17,30,188,1
16,22,183,1
2,52,182,4
17,121,189,1
3,99,193,18
16,111,186,1
16,72,183,6
15,46,186,1
9,149,193,1
17,31,191,4
10,19,192,5
14,19,192,5
4,69,186,2
17,35,191,3
16,58,192,6
16,102,185,7
10,166,191,2
10,35,197,1
14,72,196,1
9,153,192,1
6,59,197,3
11,40,197,4
6,114,189,3
14,144,191,3
3,96,192,1
11,119,198,1
5,32,195,1
18,85,184,3
11,143,189,5
5,101,185,6
8,20,193,1
14,125,188,1
14,78,194,4
10,118,192,4
1,107,196,3
17,40,193,2
17,40,197,2
18,57,187,7
16,30,181,1
5,84,186,1
15,43,190,1
12,124,189,1
5,68,191,1
18,26,182,2
3,161,187,1
14,29,189,1
18,68,198,1
8,30,192,1
14,111,197,2
6,161,187,1
5,67,194,2
8,104,192,1
11,27,188,4
14,177,190,2
5,178,189,4
9,105,189,1
17,111,198,1
3,113,185,1
18,57,188,6
11,50,190,1
3,55,183,4
5,28,185,1
14,57,192,1
14,51,188,1
17,148,194,3
5,68,197,1
10,62,194,1
15,121,186,3
3,66,184,2
5,49,191,2
14,143,186,3
10,77,195,8
7,106,184,14
16,58,187,1
11,27,182,4
16,166,195,5
14,108,190,4
14,173,198,3
4,178,182,3
10,167,198,2
10,33,196,5
14,119,197,2
6,171,192,8
8,79,185,1
7,72,182,3
16,102,194,1
16,39,186,4
4,42,185,2
16,127,185,2
10,102,182,1
12,69,185,2
11,88,192,4
18,26,195,5
4,94,188,3
8,119,195,1
11,39,197,2
5,139,193,1
10,50,181,2
10,107,181,1
14,140,185,1
5,98,186,1
3,40,188,1
12,67,184,3
3,96,187,1
6,77,195,4
8,20,184,3
7,72,195,4
3,162,198,1
1,65,184,1
5,31,185,2
6,97,181,1
11,132,186,1
9,94,183,1
14,166,197,1
8,78,197,1
4,57,185,5
11,107,189,2
8,52,185,1
11,138,195,4
12,57,185,1
3,63,186,4
9,54,188,2
4,116,191,1
5,78,193,1
15,43,195,1
11,132,191,1
6,104,184,5
5,37,186,3
9,20,182,2
11,82,185,1
5,175,189,2
10,133,189,1
16,176,182,7
7,138,185,1
5,123,192,1
3,178,189,3
10,109,192,3
11,151,192,3
4,180,187,1
3,129,197,4
10,107,189,5
4,44,184,4
16,149,197,4
13,86,197,1
4,51,187,1
14,179,193,1
6,147,191,1
14,145,187,5
12,108,197,1
16,94,184,1
15,54,191,2
7,158,186,4
12,27,198,1
6,69,195,5
2,159,193,1
6,144,183,1
3,134,183,1
9,72,183,4
12,68,195,2
6,84,190,2
10,167,192,1
6,78,197,5
17,131,182,7
4,162,198,2
16,96,197,2
18,72,192,1
9,151,195,10
16,112,193,2
2,152,197,1
3,33,184,1
4,94,197,4
13,131,181,1
1,50,195,1
17,19,191,11
16,98,183,2
7,40,187,1
8,20,188,2
12,33,187,2
16,140,197,3
10,81,183,4
7,96,189,2
18,176,193,2
10,109,183,1
16,64,184,9
7,112,188,2
5,19,192,5
18,104,188,3
10,114,185,1
14,146,186,2
11,40,185,6
5,102,198,7
5,68,183,1
17,118,194,3
6,52,186,2
12,83,188,1
9,78,198,2
12,102,181,1
2,63,193,1
12,27,191,6
8,164,194,1
5,53,193,2
5,26,186,2
18,33,191,1
4,127,197,3
3,118,198,3
1,102,197,3
16,130,196,2
18,143,190,1
11,132,193,3
10,104,186,2
9,158,186,3
18,50,198,2
16,140,188,1
9,143,192,3
10,59,192,2
16,83,194,4
17,77,195,6
10,110,183,1
9,143,189,3
11,40,191,3
15,180,187,2
16,104,188,9
4,178,183,1
9,85,196,2
5,40,196,6
8,117,193,1
17,148,185,5
16,28,191,1
11,90,198,1
4,116,194,2
9,147,192,4
16,63,188,1
16,19,191,1
7,96,193,3
3,113,192,8
11,40,182,1
7,53,186,1
5,126,188,5
4,33,188,1
17,171,192,4
4,107,191,1
16,139,191,1
12,119,195,1
18,131,182,4
16,27,192,2
4,151,193,2
2,145,187,1
9,105,196,1
14,174,184,6
14,33,190,2
11,117,188,2
16,126,197,3
15,121,187,3
17,174,186,1
5,44,185,1
16,29,185,2
16,29,198,3
6,55,187,1
18,37,190,1
11,39,182,1
12,102,190,1
14,126,198,3
16,112,194,1
10,158,190,5
7,32,192,1
3,104,198,3
15,121,190,2
3,112,187,1
4,102,187,1
4,138,191,1
9,147,181,1
3,79,181,6
16,174,194,6
13,152,186,2
2,65,192,2
5,58,193,1
7,32,181,1
14,108,182,7
7,117,193,4
12,19,187,5
18,59,193,1
15,121,185,2
6,145,187,2
17,122,189,2
5,39,185,1
5,114,195,1
12,62,182,1
16,100,185,1
17,43,186,3
11,138,185,2
6,59,190,2
17,118,189,3
16,19,192,6
5,59,196,1
9,52,194,2
4,26,189,1
16,57,194,1
10,63,186,1
10,35,188,4
9,147,196,1
14,33,187,2
3,153,198,3
9,70,183,1
9,28,187,1
5,137,184,2
4,28,183,3
2,27,191,1
7,80,198,1
7,50,181,2
9,54,183,1
17,112,192,2
7,148,195,1
14,108,191,1
10,119,198,1
17,83,181,2
15,35,194,1
5,43,192,3
6,43,186,2
14,97,182,4
10,52,184,2
12,116,187,1
6,143,192,1
10,27,198,3
16,127,195,1
10,40,191,1
18,129,196,1
11,158,188,5
11,27,185,12
11,117,189,3
3,90,197,2
11,88,195,2
3,113,187,5
2,164,183,1
6,59,185,7
16,82,184,1
14,130,198,2
10,88,187,1
14,59,183,1
10,85,186,2
17,68,184,1
17,85,182,4
6,178,181,7
17,141,197,2
6,153,198,5
8,59,195,2
11,151,186,3
17,71,195,1
7,112,189,3
16,102,195,4
1,107,193,3
10,93,187,4
15,166,198,3
10,164,184,2
15,55,183,9
5,49,187,1
16,70,184,1
16,26,186,3
14,149,193,3
7,177,195,1
16,79,193,4
12,40,198,1
2,139,191,1
8,96,186,1
4,179,188,5
16,29,184,1
17,72,182,2
5,88,187,2
17,118,195,4
2,107,184,2
14,52,194,6
16,30,191,1
10,111,187,3
6,164,191,1
7,137,186,2
14,143,189,6
10,149,193,4
1,120,189,1
10,112,187,4
18,50,185,4
7,148,197,3
5,50,181,3
3,37,185,3
1,74,196,1
7,114,189,1
6,69,188,1
2,52,181,1
6,104,189,6
14,58,182,8
3,81,185,4
3,43,186,3
15,174,184,1
12,24,185,1
17,121,183,4
17,58,198,1
6,58,195,3
12,94,192,1
16,68,197,1
3,126,197,3
11,57,185,10
6,23,198,1
14,78,190,6
6,164,194,1
4,102,182,3
7,96,194,2
17,19,188,2
17,40,196,5
16,58,184,7
6,68,182,2
14,98,183,1
15,63,189,1
18,179,191,4
16,32,181,1
16,33,187,2
3,72,183,1
11,117,187,2
17,118,197,6
4,94,187,3
3,158,188,11
5,58,184,1
9,153,195,2
8,107,191,1
9,85,195,5
8,173,198,3
3,40,194,1
12,62,195,1
14,78,184,6
5,67,192,2
13,64,182,2
2,52,189,5
16,52,193,2
10,112,192,8
1,104,188,1
11,97,183,1
5,34,193,2
6,152,190,1
4,67,182,1
2,162,198,1
4,94,186,7
5,146,190,1
12,123,198,4
2,33,187,2
7,107,189,2
4,33,195,2
10,124,189,2
18,26,181,3
18,86,197,1
6,90,187,1
10,27,191,6
7,81,195,2
17,34,198,1
4,97,187,1
7,140,186,1
8,102,198,2
5,114,193,1
6,176,190,4
12,153,191,2
12,77,189,9
9,78,191,3
4,178,195,2
14,58,187,2
7,119,181,1
15,19,192,2
12,133,183,2
7,171,192,5
4,49,195,1
12,141,181,3
2,114,189,1
16,121,189,1
16,145,187,3
1,19,192,3
14,40,181,1
6,52,197,3
10,114,189,2
3,99,184,4
10,34,197,2
10,63,193,3
6,84,191,2
10,130,189,6
16,52,184,2
11,88,193,1
6,90,185,1
3,147,191,6
13,46,186,1
14,72,181,1
17,118,191,5
14,97,184,1
17,118,183,2
9,147,186,1
11,122,185,1
11,173,182,1
14,113,198,1
3,51,181,2
9,85,185,4
9,39,191,2
4,117,193,5
10,179,188,1
14,84,195,3
9,178,189,1
8,167,184,1
14,126,192,3
16,37,184,1
13,64,190,2
4,52,194,3
17,175,187,1
1,57,185,2
5,35,196,1
8,164,191,1
11,117,183,7
6,43,188,1
17,140,183,4
16,111,187,3
14,99,189,1
2,96,186,1
3,72,186,2
16,58,183,3
10,35,191,5
5,39,191,1
17,83,191,4
3,58,186,1
18,164,190,2
6,79,192,1
10,28,191,1
6,35,194,1
11,148,191,1
6,119,198,1
10,54,189,1
17,55,195,1
15,133,197,1
6,63,194,3
14,178,197,2
16,121,184,3
10,150,193,1
7,59,195,2
10,39,194,1
5,35,193,4
11,79,194,1
10,27,183,1
2,62,191,2
16,52,197,2
5,54,183,1
10,179,184,3
16,111,193,1
14,74,192,1
6,38,197,3
14,179,181,1
3,148,185,2
7,112,185,1
17,63,186,3
3,69,191,2
8,44,184,1
16,83,183,1
5,64,185,4
4,102,190,4
3,126,183,1
17,40,186,1
7,126,184,1
3,79,196,4
10,63,189,5
3,79,184,12
18,120,186,1
14,69,195,2
3,110,189,1
7,138,184,2
12,43,186,6
17,149,193,5
11,84,186,1
7,126,193,2
6,26,189,3
7,164,193,6
7,81,185,3
10,58,181,2
17,163,186,2
16,58,197,4
13,115,186,5
4,53,197,1
5,107,193,2
18,28,191,1
16,42,189,3
2,33,192,10
3,40,185,2
18,35,193,1
18,72,182,2
14,84,184,1
16,144,183,1
12,130,186,1
7,148,182,1
3,180,190,1
15,83,194,2
10,54,182,1
14,143,196,1
16,177,185,2
7,116,187,3
14,179,195,3
2,58,185,1
8,20,183,2
3,113,198,1
12,46,182,2
18,167,192,1
17,173,182,1
7,137,185,3
7,127,197,3
1,40,196,1
17,44,188,1
4,145,187,2
2,152,181,2
4,148,197,4
2,139,184,2
5,63,187,2
12,88,193,1
16,112,198,2
17,178,188,1
6,84,189,1
2,64,185,1
12,178,184,1
18,50,197,2
12,140,197,3
14,32,195,1
4,134,183,1
16,85,197,1
6,59,193,3
14,108,189,3
4,72,182,1
9,20,197,1
9,153,198,4
7,111,197,1
11,162,191,3
6,46,193,1
11,90,193,1
8,96,192,1
17,158,198,1
16,74,192,2
9,32,195,2
3,134,192,1
14,44,184,4
9,147,193,4
5,59,184,2
12,114,192,1
6,178,191,2
9,40,184,3
10,53,198,1
4,96,189,7
4,149,184,3
4,116,192,3
6,112,187,1
17,102,190,3
5,109,194,3
9,68,198,1
17,99,195,2
11,39,192,8
8,79,186,2
16,33,185,1
7,19,192,2
16,101,185,2
13,64,191,1
14,108,194,1
14,43,186,1
16,57,191,1
15,19,187,1
10,35,195,1
5,158,185,2
14,144,194,1
14,166,190,1
5,44,188,1
10,67,190,1
18,145,186,5
17,113,195,2
5,50,195,2
14,121,198,1
7,105,183,2
16,58,193,6
8,69,195,1
11,173,197,1
7,93,186,3
9,148,197,2
5,108,188,1
14,85,182,6
5,28,188,2
7,44,186,8
4,90,197,1
7,148,187,1
14,19,187,4
16,119,195,2
3,30,197,1
8,20,196,1
5,162,198,2
1,108,188,1
10,60,191,1
9,113,187,1
11,149,193,2
12,96,188,2
11,43,191,2
9,118,192,4
4,174,195,1
6,44,193,3
16,120,197,1
5,140,192,1
18,76,187,2
6,99,195,4
11,107,197,2
16,138,184,2
6,84,185,2
5,59,186,4
9,57,185,6
5,66,186,2
18,143,194,2
1,118,198,1
18,40,196,6
1,107,185,4
2,77,195,4
17,113,188,2
5,123,189,1
6,76,181,1
1,145,186,1
7,39,184,1
10,26,189,4
18,114,189,2
17,101,185,1
7,58,189,2
14,58,198,8
6,68,197,2
4,72,191,1
11,32,196,1
9,137,186,2
3,145,192,1
7,164,181,2
18,148,197,5
5,35,185,1
15,23,191,2
14,119,192,4
6,100,198,2
6,166,192,1
10,60,195,1
6,178,190,2
14,177,181,5
12,63,189,1
5,177,197,2
1,79,186,1
17,32,195,2
3,69,182,1
5,107,197,4
3,31,188,1
14,24,185,3
11,32,198,3
3,179,184,4
7,148,186,3
5,105,183,4
5,43,197,2
5,99,195,3
12,167,187,1
17,167,197,2
11,78,197,2
8,29,189,5
18,32,198,1
7,134,184,2
3,51,193,1
14,112,189,2
5,69,182,1
11,127,197,2
3,180,197,1
3,146,191,1
3,117,183,1
15,43,186,2
18,133,197,1
2,44,184,1
6,33,182,1
10,105,183,2
16,79,185,3
8,72,183,1
7,40,186,1
3,20,190,1
6,52,181,1
6,178,184,4
3,148,195,2
17,19,183,1
10,59,195,2
3,40,187,3
9,105,188,2
12,56,192,1
4,66,186,2
5,35,187,3
17,140,196,1
17,50,181,5
17,118,188,2
7,134,192,1
12,178,198,1
8,148,197,1
6,119,195,3
3,19,187,6
18,143,198,3
2,107,185,1
4,123,188,1
7,120,186,3
7,52,192,2
4,69,192,3
7,146,182,1
10,109,185,1
3,40,193,2
12,105,183,1
10,34,192,3
5,133,189,1
3,121,198,1
11,54,198,4
10,27,193,1
10,112,186,2
8,46,193,2
7,89,188,1
6,104,196,2
16,33,186,2
7,129,197,2
10,52,181,1
16,98,197,4
8,33,187,1
9,159,193,1
7,44,193,2
3,65,192,2
8,179,188,1
17,30,193,1
10,126,189,1
5,153,186,2
16,29,193,1
3,137,184,2
6,155,188,1
11,72,191,1
18,155,188,1
10,131,182,3
18,167,198,1
7,20,181,1
6,75,187,1
17,113,184,2
12,123,181,1
14,27,185,1
3,65,197,1
17,140,190,1
7,44,183,3
17,155,192,7
16,166,190,3
17,83,184,1
7,33,190,2
6,68,187,2
6,94,184,1
5,131,189,5
6,54,198,5
18,24,186,2
5,42,183,1
7,44,182,1
16,121,197,1
7,54,198,4
7,68,198,2
2,51,193,1
3,166,198,6
16,42,198,5
7,121,186,1
8,105,183,1
9,39,198,2
18,129,198,2
17,121,194,1
6,97,183,2
12,133,198,1
16,32,191,3
16,120,193,1
11,52,182,3
12,44,184,5
11,32,185,1
5,80,195,1
3,107,191,3
3,88,186,2
1,65,195,1
4,179,196,1
17,140,191,3
17,58,184,2
16,98,185,1
7,112,197,1
10,114,191,1
4,111,197,1
4,118,187,2
16,111,194,1
14,97,191,1
6,166,191,2
9,126,198,1
11,82,192,3
2,107,186,3
6,59,181,3
11,88,186,5
5,102,184,5
17,78,197,5
4,69,189,2
16,102,187,3
8,151,193,2
12,179,198,1
12,62,185,2
9,138,184,2
9,171,192,2
14,84,194,1
6,153,195,1
10,60,189,1
4,90,194,1
7,33,193,2
3,180,192,2
3,60,184,1
10,176,193,1
10,110,186,1
1,136,193,1
15,54,187,2
15,37,186,2
6,159,193,1
11,20,181,1
4,31,184,1
8,130,185,3
16,102,188,1
2,152,185,2
5,175,184,1
17,121,191,2
16,167,198,2
2,32,198,1
14,58,190,1
16,127,192,2
16,133,189,2
6,79,185,4
17,148,187,6
12,67,185,2
11,89,186,1
2,175,187,1
4,178,191,2
10,23,198,1
4,178,185,1
10,57,195,1
15,32,197,1
17,143,192,2
9,40,195,1
12,134,183,1
16,166,181,2
3,133,191,1
12,153,188,1
6,19,182,1
17,97,183,1
17,171,191,2
8,158,186,1
9,63,189,1
17,19,184,6
14,78,187,1
16,143,192,4
12,104,188,1
17,57,186,1
5,177,193,1
16,52,196,2
5,174,184,3
1,44,189,1
16,79,181,1
10,27,192,2
16,150,189,1
9,108,183,1
4,94,191,1
4,116,193,4
16,33,194,1
10,81,193,2
18,145,193,3
14,31,185,2
2,79,196,2
6,59,187,2
11,46,193,3
16,126,198,2
2,32,181,1
11,39,195,4
8,102,197,1
3,40,182,1
4,118,195,1
11,108,183,1
9,102,181,1
3,66,198,1
11,27,181,2
5,151,193,1
10,130,185,2
6,68,191,3
9,54,186,2
16,112,191,1
6,72,182,1
15,99,189,1
18,176,190,7
2,110,189,3
5,96,192,1
12,178,197,2
12,167,183,1
17,81,191,1
7,42,185,3
17,43,188,1
16,58,198,1
3,124,189,3
6,127,182,1
17,133,181,1
9,31,185,1
3,99,183,1
1,63,189,1
16,166,188,2
5,33,190,1
4,79,181,1
10,59,187,2
14,133,191,2
10,30,197,1
5,63,193,5
1,177,191,1
10,64,184,2
5,60,184,2
11,107,191,2
18,143,197,1
2,113,187,1
7,96,182,1
5,120,198,2
14,143,182,3
16,124,195,3
12,67,198,1
12,39,194,3
4,145,183,1
6,52,194,1
3,113,195,3
7,69,195,2
1,44,193,4
11,109,196,1
10,177,185,1
3,111,187,1
10,64,185,1
6,84,193,1
6,127,198,3
18,129,191,5
18,129,193,2
3,123,192,1
18,64,197,1
10,81,181,2
1,76,187,1
12,69,193,1
6,97,186,1
16,90,197,2
5,114,186,6
16,79,186,9
17,121,195,4
10,86,185,1
5,42,195,2
8,164,195,2
2,139,181,1
6,63,181,2
12,49,186,3
2,79,184,1
11,141,182,1
12,78,197,1
2,111,196,1
17,111,183,1
5,175,186,2
10,85,185,3
5,28,187,1
9,137,193,2
16,178,189,2
14,144,182,2
14,72,197,6
18,57,194,3
1,46,193,2
3,23,198,1
10,158,191,3
14,143,198,1
9,63,186,1
9,124,189,2
4,54,188,1
8,176,195,1
6,121,198,2
17,133,183,1
6,39,194,2
5,174,185,1
10,126,198,1
9,105,197,1
15,121,197,1
13,64,193,1
10,138,184,4
15,64,185,1
3,32,195,2
8,29,192,2
6,19,188,5
11,58,185,1
4,67,193,1
14,123,192,3
9,56,187,1
12,68,194,1
7,126,197,2
5,59,195,7
4,118,192,9
9,28,195,1
4,179,193,2
11,69,188,1
6,84,198,2
12,54,198,4
15,164,193,1
18,178,192,1
4,33,186,1
4,116,184,2
16,50,198,1
16,124,198,3
7,174,186,1
5,120,192,4
10,43,186,4
2,152,189,4
11,121,182,2
16,100,188,1
14,58,189,1
6,134,183,2
12,96,186,1
1,26,186,3
16,27,181,1
10,109,197,2
1,107,181,2
10,109,182,1
11,151,198,1
14,20,192,1
9,37,185,1
10,114,192,1
5,143,192,1
5,148,191,1
14,143,191,2
5,28,195,2
6,52,183,2
10,65,195,1
5,114,192,3
8,40,196,1
7,97,193,1
1,126,186,5
9,40,181,3
12,69,182,1
6,179,184,2
18,23,198,1
4,58,185,6
17,113,197,1
2,34,193,1
18,49,192,3
3,40,195,2
1,121,182,2
6,64,185,2
9,20,193,2
2,126,198,1
5,114,187,4
17,27,186,3
14,119,187,1
15,33,187,1
18,54,191,6
3,99,196,1
14,78,189,3
16,112,187,1
4,88,188,1
5,58,183,1
14,177,183,2
6,33,184,3
4,43,186,3
18,63,193,3
18,110,189,1
6,68,189,3
11,43,193,1
12,119,198,1
16,39,191,2
16,127,189,1
8,93,183,1
9,20,187,1
9,69,181,1
18,143,187,2
12,148,197,2
5,96,197,1
16,52,183,1
2,143,192,1
16,83,184,1
5,164,181,1
13,79,186,1
12,116,193,1
7,84,186,2
4,149,181,1
16,139,192,3
5,114,185,1
6,93,184,2
16,42,188,1
11,126,188,2
14,108,197,1
16,100,190,2
14,52,182,2
11,86,197,2
10,97,192,1
12,62,187,1
16,23,184,1
18,24,192,1
3,94,192,4
3,171,194,6
16,63,183,2
18,129,192,3
7,30,192,1
11,138,182,1
16,23,189,1
9,153,189,1
17,104,188,3
6,178,185,4
3,35,191,5
5,23,198,1
15,54,195,1
11,131,192,1
18,129,194,1
4,111,187,1
5,43,189,1
3,74,192,2
16,130,194,1
9,153,197,1
4,67,184,1
14,67,192,1
5,102,188,2
14,178,186,1
11,162,185,3
14,119,189,2
7,119,187,1
17,107,189,2
3,26,184,2
6,85,193,1
17,20,181,2
9,137,185,2
6,107,197,1
14,63,193,3
4,23,198,1
10,85,188,1
3,44,189,2
5,72,186,4
14,121,190,2
2,96,191,1
13,64,187,1
1,171,193,1
11,113,187,3
4,33,183,1
3,50,186,1
9,38,184,1
2,107,189,2
5,62,183,1
6,104,182,1
17,111,191,1
14,40,186,2
16,174,189,2
10,120,186,7
8,162,198,1
16,121,192,1
18,137,184,1
18,159,193,2
2,52,185,1
11,90,185,3
1,35,191,1
4,143,185,1
16,57,184,1
9,76,187,1
16,54,189,4
16,54,187,4
17,37,186,1
6,38,194,1
6,51,187,2
3,69,188,1
4,96,196,3
11,162,193,2
16,23,185,1
2,54,188,2
14,118,183,1
9,137,197,1
14,68,191,2
3,99,181,1
18,32,195,1
9,137,191,1
17,107,196,1
10,62,190,3
8,164,183,1
10,39,192,4
11,118,198,1
1,120,182,1
7,65,192,1
17,167,191,1
7,69,190,1
6,19,185,5
14,119,193,1
2,164,195,1
7,129,191,2
11,167,192,2
7,88,187,1
12,46,187,2
11,138,191,1
18,97,198,2
14,166,189,2
5,129,197,4
3,28,183,1
4,96,195,2
1,44,190,1
17,145,187,1
8,139,182,1
10,44,188,2
16,159,183,2
3,51,184,1
11,138,197,1
16,96,190,1
9,121,184,1
4,40,185,1
2,86,191,1
16,52,181,1
16,35,193,3
2,107,192,2
2,179,184,1
17,163,188,1
16,174,185,5
14,119,183,1
7,130,194,1
6,33,183,4
11,162,187,1
14,159,193,1
12,86,192,2
13,64,198,1
18,37,197,1
5,59,197,1
6,111,197,1
17,64,190,3
6,62,190,2
15,44,182,1
9,153,184,2
12,83,194,1
4,99,195,1
2,85,182,2
14,37,186,2
14,124,189,2
3,120,185,1
3,130,194,2
7,118,192,1
3,100,192,3
5,131,194,2
16,27,185,4
3,152,187,1
7,72,193,3
7,137,191,3
6,138,195,1
14,61,193,1
2,107,191,1
11,53,186,1
9,79,186,4
15,159,193,1
11,176,190,1
11,158,193,1
12,139,191,1
4,118,193,1
3,44,191,2
10,123,192,3
3,121,184,2
16,50,195,4
17,139,193,1
18,101,193,1
18,77,195,4
3,69,184,2
6,143,189,2
8,68,184,3
2,107,183,2
11,77,195,2
3,102,182,1
3,113,186,2
17,28,183,1
9,24,185,1
6,121,193,1
1,102,186,2
16,139,193,2
9,147,187,3
9,20,198,1
18,50,182,2
14,130,184,4
12,49,191,1
6,178,188,3
6,84,184,7
10,38,184,2
6,164,183,2
6,130,194,1
18,166,198,1
14,114,194,2
15,32,186,2
4,97,184,2
7,64,184,2
6,169,190,1
6,178,187,3
5,42,194,1
7,172,192,1
15,121,198,1
12,123,193,1
4,179,189,2
4,64,184,3
18,44,195,1
4,178,186,3
17,112,186,1
4,171,186,1
14,139,188,1
16,179,184,2
8,64,185,2
17,82,184,1
4,129,197,1
5,59,189,1
10,107,191,2
18,145,188,2
7,52,184,1
18,130,194,2
3,139,192,2
18,145,198,2
16,83,192,2
10,117,188,1
14,105,183,3
17,121,181,4
14,108,185,3
3,126,193,3
6,177,193,1
5,72,189,1
14,147,192,1
16,159,195,2
16,39,198,3
12,179,183,1
5,28,189,1
16,54,197,1
10,81,197,3
8,164,185,1
17,133,192,2
4,37,197,2
7,44,181,8
3,99,188,2
3,130,196,1
11,50,193,1
5,158,192,2
5,131,190,3
10,174,193,1
18,59,183,2
17,50,195,4
15,54,198,1
5,175,185,2
7,137,188,1
14,148,181,1
18,177,187,1
1,138,184,3
17,24,185,1
8,176,193,1
14,78,182,2
6,102,191,1
16,52,189,3
12,178,189,1
18,148,191,3
3,177,187,2
14,68,184,2
8,58,192,2
9,102,193,2
8,63,189,2
10,40,193,1
2,52,193,8
5,59,181,1
5,147,192,1
6,121,197,1
5,144,183,1
6,177,185,2
17,113,192,1
3,179,192,1
7,119,197,1
10,134,181,1
12,44,186,1
16,174,181,2
2,88,190,3
15,112,192,1
18,61,198,2
10,100,181,1
3,171,182,5
16,27,188,1
3,152,184,1
10,164,181,4
10,85,195,1
12,139,185,1
4,137,184,1
6,138,184,2
3,39,192,2
16,112,197,3
10,54,196,1
1,74,191,1
12,78,198,1
7,72,181,3
8,164,182,1
2,112,186,1
4,179,181,3
4,39,184,2
14,93,193,3
16,119,197,3
8,63,186,1
18,78,197,1
5,93,184,2
3,50,191,1
4,179,182,4
15,121,192,4
7,99,195,1
10,100,191,1
6,55,193,5
7,30,197,2
16,158,198,1
3,105,183,2
4,161,185,1
10,35,196,1
9,28,186,1
6,175,187,1
5,43,181,1
10,178,189,3
4,63,193,3
9,147,197,1
2,79,193,1
8,85,182,2
16,63,195,1
4,67,189,2
7,123,192,1
3,100,198,2
18,26,193,5
18,159,197,1
4,120,193,2
3,69,190,1
4,74,191,1
16,124,190,1
14,107,197,1
14,69,190,1
16,31,185,2
8,130,194,1
1,119,195,1
15,43,191,1
11,109,198,1
9,20,186,2
10,54,186,1
6,126,185,1
3,113,184,3
8,93,192,2
4,116,188,3
4,94,181,2
12,117,182,2
11,140,197,2
5,43,188,1
5,20,190,2
4,53,186,2
16,29,197,2
10,35,182,1
3,152,192,2
18,59,198,1
4,32,198,1
16,127,184,3
10,78,193,4
12,62,198,1
9,55,192,1
17,163,192,1
18,147,193,1
10,134,193,2
9,19,192,1
9,123,181,2
14,71,195,1
6,97,187,1
10,37,186,1
16,159,190,2
17,83,189,6
12,172,185,1
16,127,193,1
17,179,184,2
1,44,185,4
7,148,198,3
6,111,187,2
12,44,189,1
18,179,184,1
18,50,189,2
12,49,197,1
17,118,193,8
6,39,192,3
3,40,183,1
16,46,189,1
18,112,192,1
18,129,187,4
5,40,186,1
3,122,189,2
10,59,197,1
4,140,192,1
6,85,184,2
10,51,187,4
16,164,186,1
11,132,192,1
11,171,192,1
12,178,186,2
9,129,197,2
14,32,193,1
7,134,182,1
5,59,194,1
7,63,189,1
4,67,185,1
17,163,187,1
6,40,192,2
8,111,197,1
16,28,183,2
6,52,191,3
14,129,197,3
14,138,184,1
5,177,191,1
17,57,191,1
16,83,185,1
8,68,198,4
2,152,187,2
4,122,183,1
17,177,185,2
2,152,196,2
11,119,186,1
14,72,185,3
8,20,182,3
18,28,183,1
10,81,182,2
6,68,181,2
16,139,185,2
17,137,183,3
16,52,194,1
14,122,188,1
5,19,191,2
10,85,197,1
5,69,197,1
14,153,198,3
2,140,197,1
10,34,186,3
10,58,196,1
5,86,197,3
4,33,190,4
16,159,197,2
5,94,192,2
8,131,182,2
5,177,190,2
17,130,191,1
2,99,197,1
10,175,187,1
16,98,192,3
18,44,194,1
16,112,184,1
11,137,184,1
7,112,191,2
12,67,191,1
18,145,182,3
18,81,186,2
11,30,192,1
16,37,191,3
16,55,186,1
14,108,184,1
14,121,185,1
18,43,188,3
5,149,181,2
7,24,185,1
17,105,183,2
6,86,184,1
10,155,188,2
8,130,195,1
10,121,192,4
5,175,198,2
4,39,192,1
16,102,182,2
4,94,190,2
2,139,183,2
1,111,187,1
11,63,186,1
14,62,190,1
7,96,190,2
18,97,189,1
11,125,193,1
9,105,193,1
9,147,198,1
5,69,195,3
17,178,192,2
9,121,182,1
11,39,189,1
16,166,183,1
4,94,182,1
4,130,196,3
16,116,187,3
9,137,189,1
12,50,195,1
2,52,191,4
11,87,191,1
5,177,181,2
8,90,197,1
1,147,181,4
6,40,187,1
10,19,187,5
17,126,198,3
8,93,193,1
7,167,198,1
3,102,188,1
5,149,191,4
6,97,193,2
2,139,189,4
5,62,193,1
10,81,195,3
12,77,182,2
5,149,189,2
16,98,193,1
7,90,197,1
12,126,186,2
4,120,198,1
18,152,192,1
3,113,189,3
16,52,195,1
2,39,194,3
11,26,189,1
10,59,183,1
14,161,195,2
16,54,181,3
10,152,184,1
15,97,198,1
10,69,190,2
12,133,187,1
16,23,183,1
16,97,197,2
7,68,190,2
16,19,185,1
14,26,190,1
8,164,196,1
11,52,194,1
5,146,197,2
16,117,195,1
4,173,198,2
14,61,186,1
1,102,185,3
2,65,195,1
16,66,186,1
12,118,192,1
14,27,186,2
5,175,188,2
4,83,194,2
17,39,192,2
5,104,188,2
6,118,192,1
5,44,195,2
4,88,192,2
14,179,189,1
3,32,198,1
16,30,183,1
16,117,185,1
4,96,183,1
4,179,190,1
13,133,191,1
3,93,184,1
18,178,189,2
7,44,188,3
12,86,186,1
18,178,197,1
16,42,185,4
3,121,186,1
14,112,193,1
17,148,196,2
1,117,193,1
4,178,184,4
6,67,192,1
16,62,190,1
1,130,196,1
16,173,193,1
4,37,185,2
10,144,183,1
10,43,192,1
16,39,188,1
8,164,188,1
4,121,182,1
12,153,187,3
17,67,186,1
12,88,186,1
10,50,195,4
10,102,186,1
12,123,191,3
9,39,181,2
14,107,191,2
6,39,184,3
14,68,192,1
10,94,183,1
17,167,186,1
10,77,197,1
14,119,186,1
12,133,184,2
8,62,191,3
3,112,186,3
17,132,194,1
5,147,191,1
2,62,189,1
4,83,188,1
6,40,186,1
5,177,195,1
3,79,190,2
7,148,189,1
7,96,191,1
9,102,185,1
14,72,194,1
8,174,184,1
18,24,188,1
5,153,189,1
16,164,181,4
13,148,197,1
6,98,183,1
15,121,191,1
8,120,193,2
3,69,185,1
17,30,187,1
14,121,181,1
4,118,184,1
6,138,186,2
7,148,184,1
10,130,195,1
1,44,188,1
7,51,195,1
18,177,195,1
6,31,185,1
10,67,183,1
5,68,198,3
15,121,193,2
10,158,195,1
5,179,188,1
18,126,198,3
2,70,184,1
10,93,184,1
6,68,188,2
14,151,193,1
6,100,197,1
3,79,194,2
7,123,193,1
5,177,182,1
9,111,197,2
14,123,183,1
1,100,198,1
6,84,192,1
3,67,194,1
6,177,198,2
6,58,189,2
10,132,194,1
8,164,187,1
7,158,184,2
11,96,192,1
4,97,181,1
4,133,197,1
8,137,184,1
1,145,192,1
1,174,186,1
11,164,198,1
14,88,191,1
16,39,184,3
12,118,198,1
6,68,190,1
8,20,195,2
3,66,189,1
10,177,189,1
16,173,184,1
3,143,192,1
18,96,192,2
10,90,194,1
17,29,189,1
10,85,198,1
5,43,184,2
14,84,181,2
14,81,190,1
6,68,193,2
18,124,189,2
18,133,191,1
16,173,190,1
4,174,182,1
16,161,195,2
5,35,188,1
6,50,186,1
14,130,182,1
4,58,189,1
16,27,193,2
3,66,185,1
12,56,188,2
5,177,189,1
18,50,187,1
14,177,182,2
11,173,193,1
5,146,193,1
2,98,195,1
3,46,186,1
11,39,187,1
10,130,193,2
10,121,182,1
9,120,193,1
15,139,182,1
6,55,195,1
6,99,189,1
12,68,191,4
12,86,185,2
10,71,192,1
17,60,184,1
16,67,194,1
15,52,194,1
17,40,198,1
18,19,187,1
14,60,184,2
12,138,184,1
4,67,197,2
2,55,183,1
10,51,191,1
5,175,192,2
2,167,188,2
5,112,192,4
6,166,183,1
4,121,184,1
7,58,194,2
1,179,185,1
9,20,181,1
4,138,186,1
8,20,189,1
9,127,197,1
17,69,193,1
8,130,186,3
10,151,193,1
17,19,181,2
10,46,193,3
12,122,188,1
7,119,198,1
3,65,183,2
7,81,190,1
5,110,189,1
6,22,183,2
5,63,191,2
12,100,198,1
6,44,198,3
17,19,194,2
6,127,185,2
18,63,186,1
10,78,192,1
14,78,181,1
5,42,189,2
6,162,198,1
4,35,193,1
16,139,188,3
12,77,190,2
16,23,186,1
17,64,196,1
15,69,195,1
17,119,186,1
7,176,193,1
14,51,184,1
10,172,192,2
12,44,195,3
3,164,194,4
18,111,197,1
17,63,193,1
14,97,181,3
8,81,185,1
5,99,197,1
9,107,189,2
17,26,192,1
11,57,197,2
16,173,188,2
9,40,186,1
10,169,198,1
3,110,191,1
16,124,181,1
16,159,182,3
17,113,186,1
1,176,196,2
3,120,186,1
6,127,191,3
10,59,188,1
5,33,185,1
11,44,195,1
3,114,198,1
6,137,183,2
11,39,183,2
2,83,181,1
5,111,197,2
17,176,194,1
10,94,192,4
8,90,194,2
17,120,193,1
17,124,186,1
6,34,193,3
16,30,189,1
6,38,189,2
14,85,184,1
12,69,195,2
3,51,185,1
17,133,182,1
12,153,193,3
7,19,184,1
6,55,182,1
12,49,194,2
14,30,185,1
7,176,198,2
5,51,195,1
16,33,197,1
2,79,183,1
15,50,181,1
17,155,185,1
1,52,194,1
5,53,187,1
8,77,195,2
16,124,191,2
6,63,197,1
5,43,187,1
17,26,186,1
5,114,184,1
3,49,195,1
10,66,186,1
16,83,198,1
6,138,185,1
5,63,195,1
11,19,191,2
8,93,190,2
12,153,182,2
8,26,186,1
6,65,195,2
6,139,191,1
10,155,183,1
11,88,188,1
3,145,197,1
1,74,189,1
12,68,197,2
4,24,185,1
9,33,187,1
8,100,198,1
10,49,192,2
2,111,187,2
9,116,187,1
6,27,198,1
18,101,183,1
7,145,184,1
5,58,195,1
5,62,188,1
10,99,195,1
16,100,181,1
6,76,194,2
16,147,191,1
10,34,198,1
1,107,195,1
3,26,189,3
1,50,181,1
12,145,187,1
11,122,186,1
6,169,183,1
4,116,182,3
16,27,189,1
4,85,193,1
11,50,192,2
12,97,198,1
12,130,196,2
16,46,197,1
7,52,191,1
1,138,192,1
3,69,186,2
4,174,193,1
5,33,184,1
15,68,185,1
3,158,194,1
17,172,192,2
4,69,185,1
6,125,197,1
2,164,181,1
16,179,191,1
4,97,195,2
12,68,189,1
16,139,198,2
5,43,183,1
10,24,197,1
18,80,195,1
9,53,186,1
10,119,193,1
14,79,194,1
11,72,182,1
9,78,186,1
12,39,184,1
9,85,181,2
5,146,188,2
18,29,184,1
8,85,198,1
4,123,196,2
17,121,190,1
4,97,182,1
11,46,198,1
6,37,184,2
11,109,185,1
11,78,187,2
5,28,186,4
17,64,187,1
14,19,181,1
13,162,198,1
16,133,197,2
9,20,184,2
7,89,197,1
17,166,192,1
2,138,184,2
15,27,191,1
11,178,197,1
3,40,191,2
17,167,183,1
2,24,185,1
12,139,189,1
17,163,184,1
16,67,183,1
18,26,196,1
11,109,192,1
6,84,181,1
3,68,185,1
10,52,186,1
16,164,195,1
11,152,186,1
18,81,191,1
7,137,197,1
7,137,187,1
1,126,197,1
14,20,193,1
1,158,186,2
6,83,181,2
5,63,198,2
6,90,197,1
3,145,187,1
2,52,188,1
10,134,187,1
12,62,192,2
11,50,198,1
10,109,194,2
6,127,189,1
18,35,191,1
7,122,189,1
12,158,188,1
16,102,189,1
2,126,186,1
11,81,191,1
4,118,185,1
10,52,198,1
1,143,192,1
9,32,181,1
13,85,182,1
10,145,183,1
3,40,190,1
14,81,185,3
5,120,185,3
10,27,184,1
15,179,191,2
6,96,186,2
1,59,195,3
6,127,187,1
2,164,197,1
5,158,188,2
10,69,195,1
3,180,181,2
15,54,194,1
18,60,184,1
6,78,193,4
4,145,197,2
3,33,187,2
14,32,183,1
18,50,181,1
3,173,198,1
7,50,195,3
5,177,186,2
10,35,189,1
17,58,189,1
16,121,182,1
12,102,191,1
5,64,184,1
11,167,198,1
1,65,188,1
14,97,196,1
3,177,185,1
14,179,190,1
14,84,188,2
11,138,194,1
2,166,191,1
16,97,188,1
11,121,185,2
15,176,190,2
10,68,198,1
3,180,191,1
11,98,186,1
14,114,185,1
18,78,198,2
1,148,191,1
8,98,186,1
10,158,184,2
11,162,195,1
6,97,198,2
12,169,198,2
1,102,187,1
5,79,194,1
3,39,189,1
3,48,186,1
10,54,193,1
9,35,193,3
15,54,181,1
7,107,191,1
5,43,198,3
16,166,194,1
16,78,193,1
4,161,193,1
6,85,190,1
7,133,189,2
10,97,183,3
5,65,192,1
17,114,198,2
16,158,189,1
2,112,187,1
6,54,183,1
8,102,190,1
10,137,184,1
7,126,189,1
10,126,192,1
11,118,192,1
9,28,182,1
14,63,189,1
12,121,186,3
14,127,197,2
5,111,187,1
15,54,197,1
18,93,190,1
17,67,189,1
6,84,182,1
5,112,187,1
7,112,196,1
10,114,198,1
3,44,194,2
8,63,193,1
7,109,186,1
3,27,198,1
5,100,198,2
18,145,197,2
5,138,193,2
16,102,196,1
4,96,182,1
7,75,195,1
8,102,181,1
5,61,198,1
18,40,185,1
2,164,186,1
5,145,193,2
13,44,184,1
17,83,182,1
1,118,192,2
4,88,195,2
3,164,196,3
3,180,185,1
1,33,189,1
3,137,183,2
5,83,194,1
12,77,188,1
14,20,197,1
11,109,189,1
4,70,184,1
14,126,185,1
16,83,193,1
14,78,185,2
17,147,181,1
16,58,191,1
16,159,194,1
6,52,184,1
17,167,195,1
12,46,184,1
7,137,194,1
10,79,185,3
18,90,197,1
16,159,188,1
18,93,197,1
7,139,193,2
3,117,185,1
16,58,194,1
17,83,183,2
9,65,192,1
17,26,184,1
16,118,189,1
5,124,189,1
1,90,191,1
12,67,188,1
18,177,197,1
1,130,194,2
10,54,185,1
4,120,182,1
11,88,184,1
4,152,192,2
16,30,186,1
10,58,198,1
16,58,195,1
16,63,187,1
4,178,181,2
4,88,189,1
10,58,194,1
5,120,193,1
18,82,184,1
17,57,193,1
18,50,191,1
8,28,183,1
12,46,189,1
15,113,187,2
15,23,185,1
12,56,198,1
18,30,192,1
15,69,192,1
14,77,186,1
3,58,195,1
4,64,183,1
5,63,181,1
18,94,192,2
16,42,194,1
18,43,186,2
18,177,183,1
9,69,190,1
16,40,192,1
6,76,192,1
16,124,196,1
4,55,192,1
1,153,198,1
17,117,189,1
16,114,198,1
16,124,187,2
16,114,182,2
16,52,192,1
5,172,192,1
16,121,196,1
12,121,191,1
11,66,186,1
6,166,184,1
1,86,197,1
10,27,190,2
6,29,184,1
3,40,198,1
17,118,184,1
2,179,183,2
10,40,185,1
11,62,191,1
8,88,187,1
7,19,187,1
5,22,192,1
10,34,191,1
10,44,195,1
10,74,192,2
9,105,190,1
14,28,183,1
6,19,196,1
14,82,184,1
14,31,186,1
18,50,183,1
10,174,183,1
14,32,197,1
6,38,195,1
4,88,183,1
16,96,181,2
5,148,184,1
9,65,195,1
11,123,192,1
11,26,186,1
6,55,188,1
2,79,181,1
14,20,198,1
5,114,190,1
9,140,197,1
12,174,186,1
5,153,184,1
5,149,187,1
5,131,181,1
3,158,190,2
7,137,190,1
2,96,192,1
11,125,198,1
6,180,187,1
17,155,195,1
16,23,193,1
4,120,191,1
17,83,198,1
14,84,198,2
11,174,191,1
10,133,186,1
3,19,185,2
8,118,198,1
18,129,184,1
4,172,192,1
3,178,197,1
11,64,185,1
1,123,181,1
12,77,184,1
8,130,191,1
16,173,185,1
2,117,193,1
18,68,185,1
3,56,187,1
4,164,184,1
9,126,189,1
17,83,197,1
6,166,196,1
9,78,194,1
10,34,194,2
12,32,198,1
1,65,191,1
11,173,198,1
18,173,198,2
16,88,186,1
17,96,192,1
18,112,186,1
1,79,185,1
18,139,193,1
14,144,190,1
11,122,190,2
3,83,194,1
7,137,182,1
2,152,194,1
3,99,187,3
1,65,190,1
3,65,187,1
4,94,194,1
11,50,187,1
16,173,181,1
12,49,193,1
10,155,195,1
18,121,192,1
4,64,195,1
10,110,198,1
4,67,187,2
14,161,192,3
17,69,195,1
14,51,198,1
11,114,189,1
3,104,186,1
14,130,192,2
7,72,194,1
17,23,198,4
14,65,192,1
16,162,198,1
12,40,195,1
2,83,194,1
16,146,198,1
10,139,193,2
2,40,197,1
4,122,198,1
13,84,186,1
11,132,182,1
10,81,188,2
12,96,196,1
14,108,195,1
3,29,189,1
14,32,186,1
16,59,186,1
11,162,189,1
14,97,187,1
5,53,191,1
16,112,189,1
12,133,182,1
14,99,195,1
4,152,195,1
5,43,194,1
15,43,184,1
18,125,188,1
9,39,183,1
8,20,187,2
1,29,189,1
4,69,181,1
15,121,194,2
12,68,188,1
1,65,197,1
16,77,186,1
8,58,185,1
17,143,182,1
15,131,186,1
3,152,183,1
18,46,186,1
9,28,198,1
10,122,188,1
17,40,195,1
14,44,192,1
4,120,189,1
16,29,183,1
12,40,191,1
18,129,183,1
10,158,187,2
14,145,197,1
2,134,192,1
5,58,192,1
5,70,183,1
8,37,186,1
7,152,190,1
14,126,197,2
2,69,195,1
5,175,193,1
16,153,198,1
8,158,188,1
7,67,194,1
4,27,183,3
4,167,198,1
18,130,198,1
16,139,187,1
2,139,188,1
4,144,183,1
1,166,198,2
15,54,186,3
16,121,181,1
16,88,187,1
7,85,184,1
1,111,193,1
18,144,183,1
2,58,189,1
8,110,191,1
2,79,188,1
16,167,188,1
15,85,182,2
1,119,186,2
7,85,192,1
11,27,196,1
16,73,198,1
15,177,185,1
14,137,184,1
12,123,197,1
16,75,187,1
1,72,183,1
5,69,186,1
15,23,192,1
4,120,188,1
10,44,193,1
10,159,193,3
3,95,183,1
5,121,184,1
9,23,186,1
14,98,186,1
14,161,183,1
16,98,189,1
14,33,189,3
10,104,197,1
18,109,186,1
10,129,197,1
12,62,196,1
5,153,197,2